mission_id,service_class,resource_type,total_minutes,residual_last_mile_minutes
MSN-EVT-CAL-LOAD-PHARMACY_INFUSION-0004,PHARMACY_INFUSION,AGV_AMR,15.704545454545453,9.454545454545453
MSN-EVT-CAL-LOAD-SPECIMEN_BLOOD-0005,SPECIMEN_BLOOD,PTS,11.954545454545453,9.454545454545453
MSN-EVT-CAL-LOAD-PHARMACY_INFUSION-0010,PHARMACY_INFUSION,AGV_AMR,15.704545454545453,9.454545454545453
MSN-EVT-CAL-LOAD-SPECIMEN_BLOOD-0011,SPECIMEN_BLOOD,PTS,11.954545454545453,9.454545454545453
MSN-EVT-CAL-LOAD-PHARMACY_INFUSION-0016,PHARMACY_INFUSION,AGV_AMR,15.704545454545453,9.454545454545453
MSN-EVT-CAL-LOAD-SPECIMEN_BLOOD-0017,SPECIMEN_BLOOD,PTS,11.954545454545453,9.454545454545453
MSN-EVT-CAL-LOAD-PHARMACY_INFUSION-0022,PHARMACY_INFUSION,AGV_AMR,15.704545454545453,9.454545454545453
MSN-EVT-CAL-LOAD-SPECIMEN_BLOOD-0023,SPECIMEN_BLOOD,PTS,11.954545454545453,9.454545454545453
MSN-EVT-CAL-LOAD-PHARMACY_INFUSION-0028,PHARMACY_INFUSION,AGV_AMR,15.704545454545453,9.454545454545453
MSN-EVT-CAL-LOAD-SPECIMEN_BLOOD-0029,SPECIMEN_BLOOD,PTS,11.954545454545453,9.454545454545453
MSN-EVT-CAL-LOAD-PHARMACY_INFUSION-0034,PHARMACY_INFUSION,AGV_AMR,15.704545454545453,9.454545454545453
MSN-EVT-CAL-LOAD-SPECIMEN_BLOOD-0035,SPECIMEN_BLOOD,PTS,11.954545454545453,9.454545454545453
MSN-EVT-CAL-LOAD-STERILE_CLEAN_SUPPLY-0006,STERILE_CLEAN_SUPPLY,AGV_AMR,15.704545454545453,9.454545454545453
MSN-EVT-CAL-LOAD-STERILE_CLEAN_SUPPLY-0012,STERILE_CLEAN_SUPPLY,AGV_AMR,15.704545454545453,9.454545454545453
MSN-EVT-CAL-LOAD-STERILE_CLEAN_SUPPLY-0018,STERILE_CLEAN_SUPPLY,AGV_AMR,15.704545454545453,9.454545454545453
MSN-EVT-CAL-LOAD-STERILE_CLEAN_SUPPLY-0024,STERILE_CLEAN_SUPPLY,AGV_AMR,15.704545454545453,9.454545454545453
MSN-EVT-CAL-LOAD-STERILE_CLEAN_SUPPLY-0030,STERILE_CLEAN_SUPPLY,AGV_AMR,15.704545454545453,9.454545454545453
MSN-EVT-CAL-LOAD-STERILE_CLEAN_SUPPLY-0036,STERILE_CLEAN_SUPPLY,AGV_AMR,15.704545454545453,9.454545454545453
MSN-EVT-CAL-LOAD-CLEAN_LINEN-0001,LAUNDRY_CLEAN_LINEN,AGV_AMR,15.704545454545453,9.454545454545453
MSN-EVT-CAL-LOAD-CLEAN_LINEN-0002,LAUNDRY_CLEAN_LINEN,AGV_AMR,15.704545454545453,9.454545454545453
MSN-EVT-CAL-LOAD-CLEAN_LINEN-0003,LAUNDRY_CLEAN_LINEN,AGV_AMR,15.704545454545453,9.454545454545453
MSN-EVT-CAL-LOAD-CLEAN_LINEN-0007,LAUNDRY_CLEAN_LINEN,AGV_AMR,15.704545454545453,9.454545454545453
MSN-EVT-CAL-LOAD-CLEAN_LINEN-0008,LAUNDRY_CLEAN_LINEN,AGV_AMR,15.704545454545453,9.454545454545453
MSN-EVT-CAL-LOAD-CLEAN_LINEN-0009,LAUNDRY_CLEAN_LINEN,AGV_AMR,15.704545454545453,9.454545454545453
MSN-EVT-CAL-LOAD-CLEAN_LINEN-0013,LAUNDRY_CLEAN_LINEN,AGV_AMR,15.704545454545453,9.454545454545453
MSN-EVT-CAL-LOAD-CLEAN_LINEN-0014,LAUNDRY_CLEAN_LINEN,AGV_AMR,15.704545454545453,9.454545454545453
MSN-EVT-CAL-LOAD-CLEAN_LINEN-0015,LAUNDRY_CLEAN_LINEN,AGV_AMR,15.704545454545453,9.454545454545453
MSN-EVT-CAL-LOAD-CLEAN_LINEN-0019,LAUNDRY_CLEAN_LINEN,AGV_AMR,15.704545454545453,9.454545454545453
MSN-EVT-CAL-LOAD-CLEAN_LINEN-0020,LAUNDRY_CLEAN_LINEN,AGV_AMR,15.704545454545453,9.454545454545453
MSN-EVT-CAL-LOAD-CLEAN_LINEN-0021,LAUNDRY_CLEAN_LINEN,AGV_AMR,15.704545454545453,9.454545454545453
MSN-EVT-CAL-LOAD-CLEAN_LINEN-0025,LAUNDRY_CLEAN_LINEN,AGV_AMR,15.704545454545453,9.454545454545453
MSN-EVT-CAL-LOAD-CLEAN_LINEN-0026,LAUNDRY_CLEAN_LINEN,AGV_AMR,15.704545454545453,9.454545454545453
MSN-EVT-CAL-LOAD-CLEAN_LINEN-0027,LAUNDRY_CLEAN_LINEN,AGV_AMR,15.704545454545453,9.454545454545453
MSN-EVT-CAL-LOAD-CLEAN_LINEN-0031,LAUNDRY_CLEAN_LINEN,AGV_AMR,15.704545454545453,9.454545454545453
MSN-EVT-CAL-LOAD-CLEAN_LINEN-0032,LAUNDRY_CLEAN_LINEN,AGV_AMR,15.704545454545453,9.454545454545453
MSN-EVT-CAL-LOAD-CLEAN_LINEN-0033,LAUNDRY_CLEAN_LINEN,AGV_AMR,15.704545454545453,9.454545454545453
MSN-EVT-CAL-PET-INPT-2026-02-03-0001,RADIOPHARMACEUTICAL_NUCLEAR,PORTER,17.0,NOT_APPLICABLE
MSN-EVT-CAL-PET-INPT-2026-02-03-0002,RADIOPHARMACEUTICAL_NUCLEAR,PORTER,17.0,NOT_APPLICABLE
MSN-EVT-CAL-SPECT-INPT-2026-02-03-0003,RADIOPHARMACEUTICAL_NUCLEAR,PORTER,17.0,NOT_APPLICABLE
MSN-EVT-CAL-PET-INPT-2026-02-03-0004,RADIOPHARMACEUTICAL_NUCLEAR,PORTER,17.0,NOT_APPLICABLE
MSN-EVT-CAL-PET-INPT-2026-02-03-0005,RADIOPHARMACEUTICAL_NUCLEAR,PORTER,17.0,NOT_APPLICABLE
MSN-EVT-CAL-PET-INPT-2026-02-03-0006,RADIOPHARMACEUTICAL_NUCLEAR,PORTER,17.0,NOT_APPLICABLE
MSN-EVT-CAL-PET-INPT-2026-02-03-0007,RADIOPHARMACEUTICAL_NUCLEAR,PORTER,17.0,NOT_APPLICABLE
MSN-EVT-CAL-PET-INPT-2026-02-03-0008,RADIOPHARMACEUTICAL_NUCLEAR,PORTER,17.0,NOT_APPLICABLE
MSN-EVT-CAL-PET-INPT-2026-02-03-0009,RADIOPHARMACEUTICAL_NUCLEAR,PORTER,17.0,NOT_APPLICABLE
MSN-EVT-CAL-PET-INPT-2026-02-03-0010,RADIOPHARMACEUTICAL_NUCLEAR,PORTER,17.0,NOT_APPLICABLE
MSN-EVT-CAL-SPECT-INPT-2026-02-03-0011,RADIOPHARMACEUTICAL_NUCLEAR,PORTER,17.0,NOT_APPLICABLE
MSN-EVT-CAL-PET-INPT-2026-02-03-0012,RADIOPHARMACEUTICAL_NUCLEAR,PORTER,17.0,NOT_APPLICABLE
MSN-EVT-CAL-SPECT-INPT-2026-02-03-0013,RADIOPHARMACEUTICAL_NUCLEAR,PORTER,17.0,NOT_APPLICABLE
MSN-EVT-CAL-PET-INPT-2026-02-03-0014,RADIOPHARMACEUTICAL_NUCLEAR,PORTER,17.0,NOT_APPLICABLE
MSN-EVT-CAL-SPECT-INPT-2026-02-03-0015,RADIOPHARMACEUTICAL_NUCLEAR,PORTER,17.0,NOT_APPLICABLE
MSN-EVT-CAL-PET-INPT-2026-02-03-0016,RADIOPHARMACEUTICAL_NUCLEAR,PORTER,17.0,NOT_APPLICABLE
MSN-EVT-CAL-PET-INPT-2026-02-03-0017,RADIOPHARMACEUTICAL_NUCLEAR,PORTER,17.0,NOT_APPLICABLE
MSN-EVT-CAL-SPECT-INPT-2026-02-03-0018,RADIOPHARMACEUTICAL_NUCLEAR,PORTER,17.0,NOT_APPLICABLE
MSN-EVT-CAL-SPECT-INPT-2026-02-03-0019,RADIOPHARMACEUTICAL_NUCLEAR,PORTER,17.0,NOT_APPLICABLE
MSN-EVT-CAL-PET-INPT-2026-02-03-0020,RADIOPHARMACEUTICAL_NUCLEAR,PORTER,17.0,NOT_APPLICABLE
MSN-EVT-CAL-SPECT-INPT-2026-02-03-0021,RADIOPHARMACEUTICAL_NUCLEAR,PORTER,17.0,NOT_APPLICABLE
MSN-EVT-CAL-PET-INPT-2026-02-03-0022,RADIOPHARMACEUTICAL_NUCLEAR,PORTER,17.0,NOT_APPLICABLE
MSN-EVT-CAL-PET-INPT-2026-02-03-0023,RADIOPHARMACEUTICAL_NUCLEAR,PORTER,17.0,NOT_APPLICABLE
MSN-EVT-CAL-PET-INPT-2026-02-03-0024,RADIOPHARMACEUTICAL_NUCLEAR,PORTER,17.0,NOT_APPLICABLE
MSN-EVT-CAL-PET-INPT-2026-02-03-0025,RADIOPHARMACEUTICAL_NUCLEAR,PORTER,17.0,NOT_APPLICABLE
MSN-EVT-CAL-SPECT-INPT-2026-02-03-0026,RADIOPHARMACEUTICAL_NUCLEAR,PORTER,17.0,NOT_APPLICABLE
MSN-EVT-CAL-PET-INPT-2026-02-03-0027,RADIOPHARMACEUTICAL_NUCLEAR,PORTER,17.0,NOT_APPLICABLE
MSN-EVT-CAL-PET-INPT-2026-02-03-0028,RADIOPHARMACEUTICAL_NUCLEAR,PORTER,17.0,NOT_APPLICABLE
MSN-EVT-CAL-PET-INPT-2026-02-03-0029,RADIOPHARMACEUTICAL_NUCLEAR,PORTER,17.0,NOT_APPLICABLE
MSN-EVT-CAL-PET-INPT-2026-02-03-0030,RADIOPHARMACEUTICAL_NUCLEAR,PORTER,17.0,NOT_APPLICABLE
MSN-EVT-CAL-SPECT-INPT-2026-02-03-0031,RADIOPHARMACEUTICAL_NUCLEAR,PORTER,17.0,NOT_APPLICABLE
MSN-EVT-CAL-PET-INPT-2026-02-03-0032,RADIOPHARMACEUTICAL_NUCLEAR,PORTER,17.0,NOT_APPLICABLE
MSN-EVT-CAL-PET-INPT-2026-02-03-0033,RADIOPHARMACEUTICAL_NUCLEAR,PORTER,17.0,NOT_APPLICABLE
MSN-EVT-CAL-SPECT-INPT-2026-02-03-0034,RADIOPHARMACEUTICAL_NUCLEAR,PORTER,17.0,NOT_APPLICABLE
MSN-EVT-CAL-PET-INPT-2026-02-03-0035,RADIOPHARMACEUTICAL_NUCLEAR,PORTER,17.0,NOT_APPLICABLE
MSN-EVT-CAL-PET-INPT-2026-02-03-0036,RADIOPHARMACEUTICAL_NUCLEAR,PORTER,17.0,NOT_APPLICABLE
MSN-EVT-CAL-PET-INPT-2026-02-03-0037,RADIOPHARMACEUTICAL_NUCLEAR,PORTER,17.0,NOT_APPLICABLE
MSN-EVT-CAL-PET-INPT-2026-02-03-0038,RADIOPHARMACEUTICAL_NUCLEAR,PORTER,17.0,NOT_APPLICABLE
MSN-EVT-CAL-PET-INPT-2026-02-03-0039,RADIOPHARMACEUTICAL_NUCLEAR,PORTER,17.0,NOT_APPLICABLE
MSN-EVT-CAL-PET-INPT-2026-02-03-0040,RADIOPHARMACEUTICAL_NUCLEAR,PORTER,17.0,NOT_APPLICABLE
MSN-EVT-CAL-SPECT-INPT-2026-02-03-0041,RADIOPHARMACEUTICAL_NUCLEAR,PORTER,17.0,NOT_APPLICABLE
MSN-EVT-CAL-PET-INPT-2026-02-03-0042,RADIOPHARMACEUTICAL_NUCLEAR,PORTER,17.0,NOT_APPLICABLE
MSN-EVT-CAL-PET-INPT-2026-02-03-0043,RADIOPHARMACEUTICAL_NUCLEAR,PORTER,17.0,NOT_APPLICABLE
MSN-EVT-CAL-PET-INPT-2026-02-03-0044,RADIOPHARMACEUTICAL_NUCLEAR,PORTER,17.0,NOT_APPLICABLE
MSN-EVT-CAL-PET-INPT-2026-02-03-0045,RADIOPHARMACEUTICAL_NUCLEAR,PORTER,17.0,NOT_APPLICABLE
MSN-EVT-CAL-PET-INPT-2026-02-03-0046,RADIOPHARMACEUTICAL_NUCLEAR,PORTER,17.0,NOT_APPLICABLE
MSN-EVT-CAL-PET-INPT-2026-02-03-0047,RADIOPHARMACEUTICAL_NUCLEAR,PORTER,17.0,NOT_APPLICABLE
MSN-EVT-CAL-SPECT-INPT-2026-02-03-0048,RADIOPHARMACEUTICAL_NUCLEAR,PORTER,17.0,NOT_APPLICABLE
MSN-EVT-CAL-PET-INPT-2026-02-03-0049,RADIOPHARMACEUTICAL_NUCLEAR,PORTER,17.0,NOT_APPLICABLE
MSN-EVT-CAL-PET-INPT-2026-02-03-0050,RADIOPHARMACEUTICAL_NUCLEAR,PORTER,17.0,NOT_APPLICABLE
MSN-EVT-CAL-PET-INPT-2026-02-03-0051,RADIOPHARMACEUTICAL_NUCLEAR,PORTER,17.0,NOT_APPLICABLE
MSN-EVT-CAL-PET-INPT-2026-02-03-0052,RADIOPHARMACEUTICAL_NUCLEAR,PORTER,17.0,NOT_APPLICABLE
MSN-EVT-CAL-SPECT-INPT-2026-02-03-0053,RADIOPHARMACEUTICAL_NUCLEAR,PORTER,17.0,NOT_APPLICABLE
MSN-EVT-CAL-PET-INPT-2026-02-03-0054,RADIOPHARMACEUTICAL_NUCLEAR,PORTER,17.0,NOT_APPLICABLE
MSN-EVT-CAL-SPECT-INPT-2026-02-03-0055,RADIOPHARMACEUTICAL_NUCLEAR,PORTER,17.0,NOT_APPLICABLE
MSN-EVT-CAL-PET-INPT-2026-02-03-0056,RADIOPHARMACEUTICAL_NUCLEAR,PORTER,17.0,NOT_APPLICABLE
MSN-EVT-CAL-PET-INPT-2026-02-03-0057,RADIOPHARMACEUTICAL_NUCLEAR,PORTER,17.0,NOT_APPLICABLE
MSN-EVT-CAL-PET-INPT-2026-02-03-0058,RADIOPHARMACEUTICAL_NUCLEAR,PORTER,17.0,NOT_APPLICABLE
MSN-EVT-CAL-PET-INPT-2026-02-03-0059,RADIOPHARMACEUTICAL_NUCLEAR,PORTER,17.0,NOT_APPLICABLE
MSN-EVT-CAL-PET-INPT-2026-02-03-0060,RADIOPHARMACEUTICAL_NUCLEAR,PORTER,17.0,NOT_APPLICABLE
MSN-EVT-CAL-SPECT-INPT-2026-02-03-0061,RADIOPHARMACEUTICAL_NUCLEAR,PORTER,17.0,NOT_APPLICABLE
MSN-EVT-CAL-SPECT-INPT-2026-02-03-0062,RADIOPHARMACEUTICAL_NUCLEAR,PORTER,17.0,NOT_APPLICABLE
MSN-EVT-CAL-SPECT-INPT-2026-02-03-0063,RADIOPHARMACEUTICAL_NUCLEAR,PORTER,17.0,NOT_APPLICABLE
MSN-EVT-CAL-SPECT-INPT-2026-02-03-0064,RADIOPHARMACEUTICAL_NUCLEAR,PORTER,17.0,NOT_APPLICABLE
MSN-EVT-CAL-PET-INPT-2026-02-03-0065,RADIOPHARMACEUTICAL_NUCLEAR,PORTER,17.0,NOT_APPLICABLE
MSN-EVT-CAL-PET-INPT-2026-02-03-0066,RADIOPHARMACEUTICAL_NUCLEAR,PORTER,17.0,NOT_APPLICABLE
MSN-EVT-CAL-SPECT-INPT-2026-02-03-0067,RADIOPHARMACEUTICAL_NUCLEAR,PORTER,17.0,NOT_APPLICABLE
MSN-EVT-CAL-SPECT-INPT-2026-02-03-0068,RADIOPHARMACEUTICAL_NUCLEAR,PORTER,17.0,NOT_APPLICABLE
MSN-EVT-CAL-PET-INPT-2026-02-03-0069,RADIOPHARMACEUTICAL_NUCLEAR,PORTER,17.0,NOT_APPLICABLE
MSN-EVT-CAL-PET-INPT-2026-02-03-0070,RADIOPHARMACEUTICAL_NUCLEAR,PORTER,17.0,NOT_APPLICABLE
MSN-EVT-CAL-PET-INPT-2026-02-03-0071,RADIOPHARMACEUTICAL_NUCLEAR,PORTER,17.0,NOT_APPLICABLE
MSN-EVT-CAL-PET-INPT-2026-02-03-0072,RADIOPHARMACEUTICAL_NUCLEAR,PORTER,17.0,NOT_APPLICABLE
MSN-EVT-CAL-SPECT-INPT-2026-02-03-0073,RADIOPHARMACEUTICAL_NUCLEAR,PORTER,17.0,NOT_APPLICABLE
MSN-EVT-CAL-PET-INPT-2026-02-03-0074,RADIOPHARMACEUTICAL_NUCLEAR,PORTER,17.0,NOT_APPLICABLE
MSN-EVT-CAL-PET-INPT-2026-02-03-0075,RADIOPHARMACEUTICAL_NUCLEAR,PORTER,17.0,NOT_APPLICABLE
MSN-EVT-CAL-PET-INPT-2026-02-03-0076,RADIOPHARMACEUTICAL_NUCLEAR,PORTER,17.0,NOT_APPLICABLE
MSN-EVT-CAL-SPECT-INPT-2026-02-03-0077,RADIOPHARMACEUTICAL_NUCLEAR,PORTER,17.0,NOT_APPLICABLE
MSN-EVT-CAL-PET-INPT-2026-02-03-0078,RADIOPHARMACEUTICAL_NUCLEAR,PORTER,17.0,NOT_APPLICABLE
MSN-EVT-CAL-PET-INPT-2026-02-03-0079,RADIOPHARMACEUTICAL_NUCLEAR,PORTER,17.0,NOT_APPLICABLE
MSN-EVT-CAL-PET-INPT-2026-02-03-0080,RADIOPHARMACEUTICAL_NUCLEAR,PORTER,17.0,NOT_APPLICABLE
MSN-EVT-CAL-SPECT-INPT-2026-02-03-0081,RADIOPHARMACEUTICAL_NUCLEAR,PORTER,17.0,NOT_APPLICABLE
MSN-EVT-CAL-PET-INPT-2026-02-03-0082,RADIOPHARMACEUTICAL_NUCLEAR,PORTER,17.0,NOT_APPLICABLE
MSN-EVT-CAL-PET-INPT-2026-02-03-0083,RADIOPHARMACEUTICAL_NUCLEAR,PORTER,17.0,NOT_APPLICABLE
MSN-EVT-CAL-PET-INPT-2026-02-03-0084,RADIOPHARMACEUTICAL_NUCLEAR,PORTER,17.0,NOT_APPLICABLE
MSN-EVT-CAL-PET-INPT-2026-02-03-0085,RADIOPHARMACEUTICAL_NUCLEAR,PORTER,17.0,NOT_APPLICABLE
MSN-EVT-CAL-PET-INPT-2026-02-03-0086,RADIOPHARMACEUTICAL_NUCLEAR,PORTER,17.0,NOT_APPLICABLE
MSN-EVT-CAL-PET-INPT-2026-02-03-0087,RADIOPHARMACEUTICAL_NUCLEAR,PORTER,17.0,NOT_APPLICABLE
MSN-EVT-CAL-PET-INPT-2026-02-03-0088,RADIOPHARMACEUTICAL_NUCLEAR,PORTER,17.0,NOT_APPLICABLE
MSN-EVT-CAL-PET-INPT-2026-02-03-0089,RADIOPHARMACEUTICAL_NUCLEAR,PORTER,17.0,NOT_APPLICABLE
MSN-EVT-CAL-SPECT-INPT-2026-02-03-0090,RADIOPHARMACEUTICAL_NUCLEAR,PORTER,17.0,NOT_APPLICABLE
MSN-EVT-CAL-PET-INPT-2026-02-03-0091,RADIOPHARMACEUTICAL_NUCLEAR,PORTER,17.0,NOT_APPLICABLE
MSN-EVT-CAL-PET-INPT-2026-02-03-0092,RADIOPHARMACEUTICAL_NUCLEAR,PORTER,17.0,NOT_APPLICABLE
MSN-EVT-CAL-PET-INPT-2026-02-03-0093,RADIOPHARMACEUTICAL_NUCLEAR,PORTER,17.0,NOT_APPLICABLE
MSN-EVT-CAL-PET-INPT-2026-02-03-0094,RADIOPHARMACEUTICAL_NUCLEAR,PORTER,17.0,NOT_APPLICABLE
MSN-EVT-CAL-SPECT-INPT-2026-02-03-0095,RADIOPHARMACEUTICAL_NUCLEAR,PORTER,17.0,NOT_APPLICABLE
MSN-EVT-CAL-PET-INPT-2026-02-03-0096,RADIOPHARMACEUTICAL_NUCLEAR,PORTER,17.0,NOT_APPLICABLE
MSN-EVT-CAL-PET-INPT-2026-02-03-0097,RADIOPHARMACEUTICAL_NUCLEAR,PORTER,17.0,NOT_APPLICABLE
MSN-EVT-CAL-PET-INPT-2026-02-03-0098,RADIOPHARMACEUTICAL_NUCLEAR,PORTER,17.0,NOT_APPLICABLE
MSN-EVT-CAL-PET-INPT-2026-02-03-0099,RADIOPHARMACEUTICAL_NUCLEAR,PORTER,17.0,NOT_APPLICABLE
MSN-EVT-CAL-PET-INPT-2026-02-03-0100,RADIOPHARMACEUTICAL_NUCLEAR,PORTER,17.0,NOT_APPLICABLE
MSN-EVT-CAL-PET-INPT-2026-02-03-0101,RADIOPHARMACEUTICAL_NUCLEAR,PORTER,17.0,NOT_APPLICABLE
MSN-EVT-CAL-SPECT-INPT-2026-02-03-0102,RADIOPHARMACEUTICAL_NUCLEAR,PORTER,17.0,NOT_APPLICABLE
MSN-EVT-CAL-PET-INPT-2026-02-03-0103,RADIOPHARMACEUTICAL_NUCLEAR,PORTER,17.0,NOT_APPLICABLE
MSN-EVT-CAL-SPECT-INPT-2026-02-03-0104,RADIOPHARMACEUTICAL_NUCLEAR,PORTER,17.0,NOT_APPLICABLE
MSN-EVT-CAL-PET-INPT-2026-02-03-0105,RADIOPHARMACEUTICAL_NUCLEAR,PORTER,17.0,NOT_APPLICABLE
MSN-EVT-CAL-PET-INPT-2026-02-03-0106,RADIOPHARMACEUTICAL_NUCLEAR,PORTER,17.0,NOT_APPLICABLE
MSN-EVT-CAL-PET-INPT-2026-02-03-0107,RADIOPHARMACEUTICAL_NUCLEAR,PORTER,17.0,NOT_APPLICABLE
MSN-EVT-CAL-SPECT-INPT-2026-02-03-0108,RADIOPHARMACEUTICAL_NUCLEAR,PORTER,17.0,NOT_APPLICABLE
MSN-EVT-CAL-PET-INPT-2026-02-03-0109,RADIOPHARMACEUTICAL_NUCLEAR,PORTER,17.0,NOT_APPLICABLE
MSN-EVT-CAL-PET-INPT-2026-02-03-0110,RADIOPHARMACEUTICAL_NUCLEAR,PORTER,17.0,NOT_APPLICABLE
MSN-EVT-CAL-PET-INPT-2026-02-03-0111,RADIOPHARMACEUTICAL_NUCLEAR,PORTER,17.0,NOT_APPLICABLE
MSN-EVT-CAL-PET-INPT-2026-02-03-0112,RADIOPHARMACEUTICAL_NUCLEAR,PORTER,17.0,NOT_APPLICABLE
MSN-EVT-CAL-PET-INPT-2026-02-03-0113,RADIOPHARMACEUTICAL_NUCLEAR,PORTER,17.0,NOT_APPLICABLE
MSN-EVT-CAL-PET-INPT-2026-02-03-0114,RADIOPHARMACEUTICAL_NUCLEAR,PORTER,17.0,NOT_APPLICABLE
MSN-EVT-CAL-PET-INPT-2026-02-03-0115,RADIOPHARMACEUTICAL_NUCLEAR,PORTER,17.0,NOT_APPLICABLE
MSN-EVT-CAL-PET-INPT-2026-02-03-0116,RADIOPHARMACEUTICAL_NUCLEAR,PORTER,17.0,NOT_APPLICABLE
MSN-EVT-CAL-PET-INPT-2026-02-03-0117,RADIOPHARMACEUTICAL_NUCLEAR,PORTER,17.0,NOT_APPLICABLE
MSN-EVT-CAL-SPECT-INPT-2026-02-03-0118,RADIOPHARMACEUTICAL_NUCLEAR,PORTER,17.0,NOT_APPLICABLE
MSN-EVT-CAL-PET-INPT-2026-02-03-0119,RADIOPHARMACEUTICAL_NUCLEAR,PORTER,17.0,NOT_APPLICABLE
MSN-EVT-CAL-PET-INPT-2026-02-03-0120,RADIOPHARMACEUTICAL_NUCLEAR,PORTER,17.0,NOT_APPLICABLE
MSN-EVT-CAL-PET-INPT-2026-02-03-0121,RADIOPHARMACEUTICAL_NUCLEAR,PORTER,17.0,NOT_APPLICABLE
MSN-EVT-CAL-PET-INPT-2026-02-03-0122,RADIOPHARMACEUTICAL_NUCLEAR,PORTER,17.0,NOT_APPLICABLE
MSN-EVT-CAL-SPECT-INPT-2026-02-03-0123,RADIOPHARMACEUTICAL_NUCLEAR,PORTER,17.0,NOT_APPLICABLE
MSN-EVT-CAL-PET-INPT-2026-02-03-0124,RADIOPHARMACEUTICAL_NUCLEAR,PORTER,17.0,NOT_APPLICABLE
MSN-EVT-CAL-PET-INPT-2026-02-03-0125,RADIOPHARMACEUTICAL_NUCLEAR,PORTER,17.0,NOT_APPLICABLE
MSN-EVT-CAL-PET-INPT-2026-02-03-0126,RADIOPHARMACEUTICAL_NUCLEAR,PORTER,17.0,NOT_APPLICABLE
MSN-EVT-CAL-PET-INPT-2026-02-03-0127,RADIOPHARMACEUTICAL_NUCLEAR,PORTER,17.0,NOT_APPLICABLE
MSN-EVT-CAL-PET-INPT-2026-02-03-0128,RADIOPHARMACEUTICAL_NUCLEAR,PORTER,17.0,NOT_APPLICABLE
MSN-EVT-CAL-SPECT-INPT-2026-02-03-0129,RADIOPHARMACEUTICAL_NUCLEAR,PORTER,17.0,NOT_APPLICABLE
MSN-EVT-CAL-SPECT-INPT-2026-02-03-0130,RADIOPHARMACEUTICAL_NUCLEAR,PORTER,17.0,NOT_APPLICABLE
MSN-EVT-CAL-SPECT-INPT-2026-02-03-0131,RADIOPHARMACEUTICAL_NUCLEAR,PORTER,17.0,NOT_APPLICABLE
MSN-EVT-CAL-PET-INPT-2026-02-03-0132,RADIOPHARMACEUTICAL_NUCLEAR,PORTER,17.0,NOT_APPLICABLE
MSN-EVT-CAL-PET-INPT-2026-02-03-0133,RADIOPHARMACEUTICAL_NUCLEAR,PORTER,17.0,NOT_APPLICABLE
MSN-EVT-CAL-SPECT-INPT-2026-02-03-0134,RADIOPHARMACEUTICAL_NUCLEAR,PORTER,17.0,NOT_APPLICABLE
MSN-EVT-CAL-PET-INPT-2026-02-03-0135,RADIOPHARMACEUTICAL_NUCLEAR,PORTER,17.0,NOT_APPLICABLE
MSN-EVT-CAL-SPECT-INPT-2026-02-03-0136,RADIOPHARMACEUTICAL_NUCLEAR,PORTER,17.0,NOT_APPLICABLE
MSN-EVT-CAL-PET-INPT-2026-02-03-0137,RADIOPHARMACEUTICAL_NUCLEAR,PORTER,17.0,NOT_APPLICABLE
MSN-EVT-CAL-SPECT-INPT-2026-02-03-0138,RADIOPHARMACEUTICAL_NUCLEAR,PORTER,17.0,NOT_APPLICABLE
MSN-EVT-CAL-PET-INPT-2026-02-03-0139,RADIOPHARMACEUTICAL_NUCLEAR,PORTER,17.0,NOT_APPLICABLE
MSN-EVT-CAL-PET-INPT-2026-02-03-0140,RADIOPHARMACEUTICAL_NUCLEAR,PORTER,17.0,NOT_APPLICABLE
MSN-EVT-CAL-PET-INPT-2026-02-03-0141,RADIOPHARMACEUTICAL_NUCLEAR,PORTER,17.0,NOT_APPLICABLE
MSN-EVT-CAL-PET-INPT-2026-02-03-0142,RADIOPHARMACEUTICAL_NUCLEAR,PORTER,17.0,NOT_APPLICABLE
MSN-EVT-CAL-PET-INPT-2026-02-03-0143,RADIOPHARMACEUTICAL_NUCLEAR,PORTER,17.0,NOT_APPLICABLE
MSN-EVT-CAL-PET-INPT-2026-02-03-0144,RADIOPHARMACEUTICAL_NUCLEAR,PORTER,17.0,NOT_APPLICABLE
MSN-EVT-CAL-SPECT-INPT-2026-02-03-0145,RADIOPHARMACEUTICAL_NUCLEAR,PORTER,17.0,NOT_APPLICABLE
MSN-EVT-CAL-SPECT-INPT-2026-02-03-0146,RADIOPHARMACEUTICAL_NUCLEAR,PORTER,17.0,NOT_APPLICABLE
MSN-EVT-CAL-PET-INPT-2026-02-03-0147,RADIOPHARMACEUTICAL_NUCLEAR,PORTER,17.0,NOT_APPLICABLE
MSN-EVT-CAL-PET-INPT-2026-02-03-0148,RADIOPHARMACEUTICAL_NUCLEAR,PORTER,17.0,NOT_APPLICABLE
MSN-EVT-CAL-SPECT-INPT-2026-02-03-0149,RADIOPHARMACEUTICAL_NUCLEAR,PORTER,17.0,NOT_APPLICABLE
MSN-EVT-CAL-SPECT-INPT-2026-02-03-0150,RADIOPHARMACEUTICAL_NUCLEAR,PORTER,17.0,NOT_APPLICABLE
MSN-EVT-CAL-PET-INPT-2026-02-03-0151,RADIOPHARMACEUTICAL_NUCLEAR,PORTER,17.0,NOT_APPLICABLE
MSN-EVT-CAL-PET-INPT-2026-02-03-0152,RADIOPHARMACEUTICAL_NUCLEAR,PORTER,17.0,NOT_APPLICABLE
MSN-EVT-CAL-SPECT-INPT-2026-02-03-0153,RADIOPHARMACEUTICAL_NUCLEAR,PORTER,17.0,NOT_APPLICABLE
MSN-EVT-CAL-PET-INPT-2026-02-03-0154,RADIOPHARMACEUTICAL_NUCLEAR,PORTER,17.0,NOT_APPLICABLE
MSN-EVT-CAL-PET-INPT-2026-02-03-0155,RADIOPHARMACEUTICAL_NUCLEAR,PORTER,17.0,NOT_APPLICABLE
MSN-EVT-CAL-PET-INPT-2026-02-03-0156,RADIOPHARMACEUTICAL_NUCLEAR,PORTER,17.0,NOT_APPLICABLE
MSN-EVT-CAL-SPECT-INPT-2026-02-03-0157,RADIOPHARMACEUTICAL_NUCLEAR,PORTER,17.0,NOT_APPLICABLE
MSN-EVT-CAL-PET-INPT-2026-02-03-0158,RADIOPHARMACEUTICAL_NUCLEAR,PORTER,17.0,NOT_APPLICABLE
MSN-EVT-CAL-SPECT-INPT-2026-02-03-0159,RADIOPHARMACEUTICAL_NUCLEAR,PORTER,17.0,NOT_APPLICABLE
MSN-EVT-CAL-PET-INPT-2026-02-03-0160,RADIOPHARMACEUTICAL_NUCLEAR,PORTER,17.0,NOT_APPLICABLE
MSN-EVT-CAL-SPECT-INPT-2026-02-03-0161,RADIOPHARMACEUTICAL_NUCLEAR,PORTER,17.0,NOT_APPLICABLE
MSN-EVT-CAL-PET-INPT-2026-02-03-0162,RADIOPHARMACEUTICAL_NUCLEAR,PORTER,17.0,NOT_APPLICABLE
MSN-EVT-CAL-SPECT-INPT-2026-02-03-0163,RADIOPHARMACEUTICAL_NUCLEAR,PORTER,17.0,NOT_APPLICABLE
MSN-EVT-CAL-PET-INPT-2026-02-03-0164,RADIOPHARMACEUTICAL_NUCLEAR,PORTER,17.0,NOT_APPLICABLE
MSN-EVT-CAL-SPECT-INPT-2026-02-03-0165,RADIOPHARMACEUTICAL_NUCLEAR,PORTER,17.0,NOT_APPLICABLE
MSN-EVT-CAL-PET-INPT-2026-02-03-0166,RADIOPHARMACEUTICAL_NUCLEAR,PORTER,17.0,NOT_APPLICABLE
MSN-EVT-CAL-PET-INPT-2026-02-03-0167,RADIOPHARMACEUTICAL_NUCLEAR,PORTER,17.0,NOT_APPLICABLE
MSN-EVT-CAL-SPECT-INPT-2026-02-03-0168,RADIOPHARMACEUTICAL_NUCLEAR,PORTER,17.0,NOT_APPLICABLE
MSN-EVT-CAL-SPECT-INPT-2026-02-03-0169,RADIOPHARMACEUTICAL_NUCLEAR,PORTER,17.0,NOT_APPLICABLE
MSN-EVT-CAL-SPECT-INPT-2026-02-03-0170,RADIOPHARMACEUTICAL_NUCLEAR,PORTER,17.0,NOT_APPLICABLE
MSN-EVT-CAL-PET-OUTP-2026-02-03-0001,RADIOPHARMACEUTICAL_NUCLEAR,PORTER,17.0,NOT_APPLICABLE
MSN-EVT-CAL-PET-OUTP-2026-02-03-0002,RADIOPHARMACEUTICAL_NUCLEAR,PORTER,17.0,NOT_APPLICABLE
MSN-EVT-CAL-SPECT-OUTP-2026-02-03-0003,RADIOPHARMACEUTICAL_NUCLEAR,PORTER,17.0,NOT_APPLICABLE
MSN-EVT-CAL-PET-OUTP-2026-02-03-0004,RADIOPHARMACEUTICAL_NUCLEAR,PORTER,17.0,NOT_APPLICABLE
MSN-EVT-CAL-SPECT-OUTP-2026-02-03-0005,RADIOPHARMACEUTICAL_NUCLEAR,PORTER,17.0,NOT_APPLICABLE
MSN-EVT-CAL-PET-OUTP-2026-02-03-0006,RADIOPHARMACEUTICAL_NUCLEAR,PORTER,17.0,NOT_APPLICABLE
MSN-EVT-CAL-PET-OUTP-2026-02-03-0007,RADIOPHARMACEUTICAL_NUCLEAR,PORTER,17.0,NOT_APPLICABLE
MSN-EVT-CAL-PET-OUTP-2026-02-03-0008,RADIOPHARMACEUTICAL_NUCLEAR,PORTER,17.0,NOT_APPLICABLE
MSN-EVT-CAL-PET-OUTP-2026-02-03-0009,RADIOPHARMACEUTICAL_NUCLEAR,PORTER,17.0,NOT_APPLICABLE
MSN-EVT-CAL-PET-OUTP-2026-02-03-0010,RADIOPHARMACEUTICAL_NUCLEAR,PORTER,17.0,NOT_APPLICABLE
MSN-EVT-CAL-PET-OUTP-2026-02-03-0011,RADIOPHARMACEUTICAL_NUCLEAR,PORTER,17.0,NOT_APPLICABLE
MSN-EVT-CAL-PET-OUTP-2026-02-03-0012,RADIOPHARMACEUTICAL_NUCLEAR,PORTER,17.0,NOT_APPLICABLE
MSN-EVT-CAL-PET-OUTP-2026-02-03-0013,RADIOPHARMACEUTICAL_NUCLEAR,PORTER,17.0,NOT_APPLICABLE
MSN-EVT-CAL-PET-OUTP-2026-02-03-0014,RADIOPHARMACEUTICAL_NUCLEAR,PORTER,17.0,NOT_APPLICABLE
MSN-EVT-CAL-SPECT-OUTP-2026-02-03-0015,RADIOPHARMACEUTICAL_NUCLEAR,PORTER,17.0,NOT_APPLICABLE
MSN-EVT-CAL-SPECT-OUTP-2026-02-03-0016,RADIOPHARMACEUTICAL_NUCLEAR,PORTER,17.0,NOT_APPLICABLE
MSN-EVT-CAL-SPECT-OUTP-2026-02-03-0017,RADIOPHARMACEUTICAL_NUCLEAR,PORTER,17.0,NOT_APPLICABLE
MSN-EVT-CAL-PET-OUTP-2026-02-03-0018,RADIOPHARMACEUTICAL_NUCLEAR,PORTER,17.0,NOT_APPLICABLE
MSN-EVT-CAL-SPECT-OUTP-2026-02-03-0019,RADIOPHARMACEUTICAL_NUCLEAR,PORTER,17.0,NOT_APPLICABLE
MSN-EVT-CAL-PET-OUTP-2026-02-03-0020,RADIOPHARMACEUTICAL_NUCLEAR,PORTER,17.0,NOT_APPLICABLE
MSN-EVT-CAL-PET-OUTP-2026-02-03-0021,RADIOPHARMACEUTICAL_NUCLEAR,PORTER,17.0,NOT_APPLICABLE
MSN-EVT-CAL-SPECT-OUTP-2026-02-03-0022,RADIOPHARMACEUTICAL_NUCLEAR,PORTER,17.0,NOT_APPLICABLE
MSN-EVT-CAL-PET-OUTP-2026-02-03-0023,RADIOPHARMACEUTICAL_NUCLEAR,PORTER,17.0,NOT_APPLICABLE
MSN-EVT-CAL-PET-OUTP-2026-02-03-0024,RADIOPHARMACEUTICAL_NUCLEAR,PORTER,17.0,NOT_APPLICABLE
MSN-EVT-CAL-PET-OUTP-2026-02-03-0025,RADIOPHARMACEUTICAL_NUCLEAR,PORTER,17.0,NOT_APPLICABLE
MSN-EVT-CAL-SPECT-OUTP-2026-02-03-0026,RADIOPHARMACEUTICAL_NUCLEAR,PORTER,17.0,NOT_APPLICABLE
MSN-EVT-CAL-PET-OUTP-2026-02-03-0027,RADIOPHARMACEUTICAL_NUCLEAR,PORTER,17.0,NOT_APPLICABLE
MSN-EVT-CAL-SPECT-OUTP-2026-02-03-0028,RADIOPHARMACEUTICAL_NUCLEAR,PORTER,17.0,NOT_APPLICABLE
MSN-EVT-CAL-SPECT-OUTP-2026-02-03-0029,RADIOPHARMACEUTICAL_NUCLEAR,PORTER,17.0,NOT_APPLICABLE
MSN-EVT-CAL-SPECT-OUTP-2026-02-03-0030,RADIOPHARMACEUTICAL_NUCLEAR,PORTER,17.0,NOT_APPLICABLE
